{"noiseKey":{"private":{"type":"Buffer","data":"+Ntefx1aQSxUR700y9+R3pJ2eUPOi/Y83vN7SRMPBEs="},"public":{"type":"Buffer","data":"GS6i7k0LKXj/uHVivMTDVTBHo80gULo8a52NzmbE6Wk="}},"signedIdentityKey":{"private":{"type":"Buffer","data":"iFRwmUgjJUxCXPa/gu94NR1UQ3BryPkkMF8b3rLK/ls="},"public":{"type":"Buffer","data":"o86oPaCgkAjOKuHRIPg+POHSlSP0+YEgxiYqC/4xHmk="}},"signedPreKey":{"keyPair":{"private":{"type":"Buffer","data":"QBuySihkopfbDsxyz/w6xcwTS6tj5hcINB7CbS5ph3k="},"public":{"type":"Buffer","data":"/eqyJR5t2KL3ncs9PF2m1cVgvZ1LX1qQnOdRCtwHvgg="}},"signature":{"type":"Buffer","data":"cZzropGwkcAgFsXejFTzai6Ko/Cmfw7l2HtBuQAJcXnYqnmxd+VD0+WeoeQhyroFUL0+otfyunretbJSd5H1CA=="},"keyId":1},"registrationId":180,"advSecretKey":"p26hL1FZ6vDuXBnfnSPhHSP2yOB28suWyVrYEKkKA2I=","processedHistoryMessages":[],"nextPreKeyId":31,"firstUnuploadedPreKeyId":31,"accountSettings":{"unarchiveChats":false},"account":{"details":"CMDQhqQFELrN/p0GGAE=","accountSignatureKey":"DmZdUKs+U7aX34fB2zc65trzE6l8MHgxvd0m+XdSL2s=","accountSignature":"kDD54vwCp/hGB4V6tH7m2zhir5PgeqCyqlpU9Tfy4w4XEpaD0l9hSnReui7G8KSOgK/LCpCW5q79KL2nPVaeBA==","deviceSignature":"KGz/rwxflt4aWNUrf7LnWunE76RQ9wGAIMDjrkbnteIjRhV624Lx9N5Y7S/NOxPNEnZxBz5Jv7Z4XbBU+09nBw=="},"me":{"id":"6281232028178:1@s.whatsapp.net","name":"Mrchllcloud"},"signalIdentities":[{"identifier":{"name":"6281232028178:1@s.whatsapp.net","deviceId":0},"identifierKey":{"type":"Buffer","data":"BQ5mXVCrPlO2l9+Hwds3Ouba8xOpfDB4Mb3dJvl3Ui9r"}}],"platform":"android","lastAccountSyncTimestamp":1673504447}