{"_sessions":{"BTRzgmo+5DUk5tV64y00KubRL0MCjccwANvWXvNQfelw":{"registrationId":1840799605,"currentRatchet":{"ephemeralKeyPair":{"pubKey":"BdEQycpmewNntWlDbKXKRmK8LtiHZcpQqugel+rVh0Vx","privKey":"qOeidCP2WAzSfBY7pIPcyxjKGSOrABRq51vbtJiK7lE="},"lastRemoteEphemeralKey":"BZUTH8DKY1EuXxuvO4oJURwYDQckJ7A+JK8NqsxFpi83","previousCounter":0,"rootKey":"kWR0hZcoaHSQBapgdJ3J4EU1grPtwgjT9fckaWJ3OcA="},"indexInfo":{"baseKey":"BTRzgmo+5DUk5tV64y00KubRL0MCjccwANvWXvNQfelw","baseKeyType":2,"closed":-1,"used":1673504480827,"created":1673504480827,"remoteIdentityKey":"BaZcg31QXpINY/sbWoMpHCb8N9XfBSlv3kj/TbDWmk4y"},"_chains":{"BZUTH8DKY1EuXxuvO4oJURwYDQckJ7A+JK8NqsxFpi83":{"chainKey":{"counter":0,"key":"HStUC8M1hXWHRxGIvpwXPmyLcu2s0UShEevmWZzaT1U="},"chainType":2,"messageKeys":{}},"BdEQycpmewNntWlDbKXKRmK8LtiHZcpQqugel+rVh0Vx":{"chainKey":{"counter":0,"key":"HTYiv2OSeykO9a5f8TQzJuDgUDY01/IORHFpsVZE9sY="},"chainType":1,"messageKeys":{}}}}},"version":"v1"}