{"_sessions":{"Bf2a5WDDHHzefWtQ14SdV/XoyBAgkW3tB/K5LbHHKugR":{"registrationId":750661845,"currentRatchet":{"ephemeralKeyPair":{"pubKey":"BSoeSDmKwPTay+eQMgMlYVFZoAAk810q7AukSPvR1egz","privKey":"wLtPR85zZ9cmtCE7YakME97Y6iJsL12ZA6srI3ojvUg="},"lastRemoteEphemeralKey":"BeUSJxrDKHkS0gPUbSFswFhrIzCLdQU7oNuJtLiwRq5U","previousCounter":0,"rootKey":"klGAiJWIegs9erBkJ7MiKPxfFkbZN6B/Wxek6Ev0EC4="},"indexInfo":{"baseKey":"Bf2a5WDDHHzefWtQ14SdV/XoyBAgkW3tB/K5LbHHKugR","baseKeyType":2,"closed":1673504488552,"used":1673504448435,"created":1673504448435,"remoteIdentityKey":"BQ5mXVCrPlO2l9+Hwds3Ouba8xOpfDB4Mb3dJvl3Ui9r"},"_chains":{"BeUSJxrDKHkS0gPUbSFswFhrIzCLdQU7oNuJtLiwRq5U":{"chainKey":{"counter":5,"key":"BsIp9H8jJ7kHpLqsiYGr4JVKbgY+cigTL+rAT7fJ16U="},"chainType":2,"messageKeys":{}},"BSoeSDmKwPTay+eQMgMlYVFZoAAk810q7AukSPvR1egz":{"chainKey":{"counter":0,"key":"6GT2ZBJjq7Op6GNtl7vGlZa2K3BwFIzF2vxCJa/qQdQ="},"chainType":1,"messageKeys":{}}}},"Bc/87tcKXq+dOmsvcBYVeXKc8a3go+QZbpki3nR0Q1Fj":{"registrationId":750661845,"currentRatchet":{"ephemeralKeyPair":{"pubKey":"BcEmB5Dd35Vj2qSyVAAT2K9Sx3rVwzrWkH9nbe9aavQQ","privKey":"EO30S7kgtFFRQ+w2ebauW+5vuRcDKYgFrjB2oUwiBmM="},"lastRemoteEphemeralKey":"BWZlULaiAtV9zZL9k1GHwcqQiPUEkxXEJkzDYxUSLLEB","previousCounter":0,"rootKey":"KuA65Hx5BICEBnWvMaFAcaNYJA4VikY5iS0tz6+lpPs="},"indexInfo":{"baseKey":"Bc/87tcKXq+dOmsvcBYVeXKc8a3go+QZbpki3nR0Q1Fj","baseKeyType":1,"closed":-1,"used":1673504488531,"created":1673504488531,"remoteIdentityKey":"BQ5mXVCrPlO2l9+Hwds3Ouba8xOpfDB4Mb3dJvl3Ui9r"},"_chains":{"BcEmB5Dd35Vj2qSyVAAT2K9Sx3rVwzrWkH9nbe9aavQQ":{"chainKey":{"counter":-1,"key":"CEhcshIEBvEgcOBHSkVRudyQ72iAG/fclBTyuffB9sw="},"chainType":1,"messageKeys":{}}},"pendingPreKey":{"signedKeyId":0,"baseKey":"Bc/87tcKXq+dOmsvcBYVeXKc8a3go+QZbpki3nR0Q1Fj"}}},"version":"v1"}